GiftId,TripId
51539,0
35124,0
27010,0
24241,0
74783,0
3143,0
8587,0
1255,0
57837,0
74412,0
35576,0
27354,0
72656,0
91744,0
47496,0
22473,0
94109,0
59116,0
85785,0
62004,0
83762,0
83007,0
29281,0
35467,0
76919,0
41568,0
7449,0
67612,0
41478,0
44699,0
1138,0
76188,0
2645,0
95087,0
74808,0
37728,0
56132,0
6532,0
27694,0
68912,0
9420,0
12543,0
46729,0
40833,0
2250,0
86848,0
98079,0
66723,0
24152,0
1236,0
30786,0
80041,0
59898,0
92818,0
30310,0
23795,0
25851,0
95781,0
97130,0
28486,0
52644,0
37662,0
19388,0
87983,0
1171,0
86968,0
2352,0
52760,0
80977,0
34746,0
55362,0
15542,0
99358,1
69132,1
22180,1
91913,1
29116,1
66165,1
3519,1
93560,1
27618,1
56291,1
45399,1
50082,1
29709,1
86935,1
55813,1
30910,1
46047,1
39775,1
28886,1
54772,1
34598,1
92298,1
36426,1
14115,1
32322,1
73483,1
35249,1
7323,1
59182,1
3581,1
68047,1
6260,1
98951,1
54967,1
34950,1
59965,2
96832,2
81878,2
22922,2
17085,2
46432,2
38791,2
70671,2
85750,2
11176,2
90488,2
96611,2
21562,2
77380,2
64294,3
43491,3
63554,3
23546,3
22691,3
24635,3
3728,3
76417,3
46098,3
61205,3
55192,3
73275,3
46718,3
62584,3
84364,3
71554,3
99011,3
52220,3
39122,3
40413,3
16138,3
176,3
97288,3
6934,3
68086,3
71100,3
19254,3
48401,3
89355,3
26324,3
33843,3
47568,3
47432,3
45298,3
5133,3
23923,3
21676,3
86543,3
71643,3
50829,3
62341,3
99450,3
44997,3
24013,3
27887,3
16134,3
31770,3
41181,3
72462,3
26247,3
14408,3
88826,3
69764,3
95556,3
99898,3
31411,3
69915,3
54656,3
64556,3
14089,3
39081,4
39953,4
18737,4
92354,4
98516,4
66228,4
61344,4
68466,4
64444,4
3165,4
34016,4
9462,4
28534,4
10956,4
26636,4
62790,4
60607,4
26952,4
5760,4
64146,4
15181,4
77647,4
57714,4
51697,4
33257,4
85497,4
98257,4
26138,4
38659,4
63395,4
52543,4
79211,4
90552,4
6256,4
74443,4
66919,4
31716,4
14310,4
4786,4
59637,4
30539,4
13945,4
73290,4
50521,4
21,4
40281,4
50268,4
73708,4
60279,4
42751,4
34280,5
82659,5
53896,5
16151,5
82098,5
60586,5
43927,5
378,5
66953,5
35088,5
85862,5
63821,5
72169,5
87014,5
71863,5
69839,5
72461,5
74708,5
50312,5
17765,5
64896,5
98119,5
41572,5
7934,5
18256,5
15573,5
70008,5
58894,5
92499,5
95012,5
72926,5
8756,5
46374,5
99004,5
55751,5
31268,5
39771,5
3969,5
9911,5
65306,5
80758,5
18650,5
78881,5
67924,5
84067,5
93760,5
9909,5
35516,5
91778,5
39038,5
23711,5
87138,5
27712,5
38211,5
86374,5
55233,5
77177,5
48169,5
70754,5
26254,5
16922,5
23291,5
25144,5
2337,6
56205,6
53754,6
98723,6
19631,6
70310,6
4129,6
54134,6
80252,6
22865,6
68266,6
89214,6
19679,6
4792,6
56152,6
56213,6
59324,6
75589,6
20736,6
24683,6
75648,6
16173,6
91833,6
18528,6
59053,6
94124,6
80770,6
18278,6
46530,6
7395,6
52030,6
6195,6
30801,6
79686,6
50960,6
68813,6
13698,6
21096,6
22465,6
74535,6
80987,6
94502,6
81124,6
66773,6
34864,6
7763,6
97258,6
41179,6
82364,6
67771,6
80100,6
69189,6
39486,6
48645,6
57733,7
84862,7
95968,7
22755,7
99468,7
13448,7
52716,7
67070,7
47301,7
97208,7
32420,7
10275,7
65411,7
78091,7
43021,7
39714,7
73320,7
11166,7
58513,7
34605,7
28789,7
88885,7
7401,7
14798,7
47650,7
65155,7
94905,7
23933,7
89883,7
98441,7
7393,7
32719,7
55714,7
2343,7
50136,7
58922,7
82510,7
54337,7
11989,7
24100,7
82650,7
42307,7
74936,7
19489,7
54551,7
53266,7
36028,7
89373,7
62662,7
37106,7
60797,7
88321,7
27571,7
81950,7
35936,7
96334,7
42737,7
39536,7
4003,7
27912,7
59175,7
30031,7
55809,7
78799,8
28337,8
76871,8
57651,8
45258,8
2876,8
62043,8
91531,8
8267,9
81488,9
57034,9
22408,9
88865,9
8735,9
5492,9
67107,9
31900,9
45431,9
34912,9
82550,9
94659,9
26699,9
25393,9
1449,9
92858,9
66786,9
45339,9
28821,9
73569,9
12157,9
2882,9
46725,9
2759,9
98563,9
64536,9
70302,9
71063,9
57272,9
53700,9
51173,9
80752,9
57318,9
16007,9
18437,9
92495,9
80117,9
48582,9
86662,9
81939,9
66246,9
85921,9
43684,9
87150,9
87814,9
6470,9
60339,9
50236,9
95744,9
23398,9
94517,9
54229,9
615,9
95836,10
17050,10
13460,10
80922,10
31694,10
18842,10
50629,10
24251,10
13462,10
79,10
66316,10
5930,10
70244,10
88773,10
39491,10
64431,10
22228,10
93763,10
46029,10
13177,10
92124,10
81251,10
33366,10
41636,10
23697,10
42248,10
40791,10
92668,10
98284,10
97246,10
28537,10
32782,10
78429,10
53172,10
8066,10
25177,10
73336,10
43682,10
32111,10
76931,10
609,10
9812,10
30145,10
62101,10
1419,10
47052,10
76256,10
75280,10
53389,10
99961,10
14841,10
30580,10
54220,10
53769,10
53962,10
56864,10
61377,10
26331,11
98264,11
11770,11
29842,11
25889,11
34723,11
51416,11
75713,11
18892,11
93388,11
88538,11
28914,11
63691,11
41459,11
19385,11
89391,11
86595,11
56724,11
57649,11
20137,11
92343,11
78215,11
97340,11
53248,11
50385,11
41116,11
12703,11
88550,11
57622,11
15353,11
55482,11
14435,11
78594,11
81205,12
48581,12
29009,12
9464,12
25613,12
39461,12
15158,12
62202,12
47770,12
90987,12
48654,12
12739,12
24978,12
47975,12
88728,12
35121,12
92595,12
2019,13
37824,13
67364,13
40985,13
16938,13
42236,13
22717,13
74267,13
58575,13
89220,13
25399,13
6335,13
98077,13
12130,13
16197,13
43969,13
67536,13
85636,13
56444,13
79501,13
98693,13
17028,13
4290,13
11346,13
32692,13
97399,13
18548,13
52562,13
60676,13
24981,13
68343,13
663,13
92106,13
65263,13
91241,13
95612,13
2683,13
73114,13
28695,13
96422,14
28558,14
29277,14
26912,14
81332,14
65716,14
42956,14
62023,14
97575,14
95728,14
57495,14
14820,14
48761,14
32791,14
45182,14
84513,14
64383,14
84753,14
56534,14
22543,14
36588,14
12076,14
22472,14
2066,14
6894,14
57049,14
3954,14
73208,14
99235,14
71681,14
81394,14
3054,14
93660,14
83181,14
62327,14
6078,14
66678,14
88278,14
97719,14
99461,14
88717,14
66326,14
49144,14
98239,14
14793,14
79774,14
35009,14
48569,14
25798,14
33164,14
51225,14
14193,14
50129,14
58586,14
15475,14
36037,14
93118,14
80668,14
45597,14
92953,14
30367,14
40576,14
17481,14
96241,14
72836,14
86651,14
58040,14
62245,14
18336,14
33420,14
3344,14
95643,14
38149,14
97363,14
21878,14
79539,14
66995,14
36483,14
60484,14
98672,14
73000,14
80137,15
91815,15
51508,15
27904,15
5769,15
91471,15
23646,15
48078,15
27836,15
53526,15
77964,15
91278,15
52890,15
28724,15
5289,15
60597,15
2528,15
81684,15
56359,15
54082,15
27717,15
66683,15
34640,15
26863,15
43351,15
32485,15
41082,15
67932,15
37908,15
18023,15
86361,15
36139,15
12479,15
68654,15
69280,15
90167,15
15007,15
71566,15
60947,15
34540,15
40346,15
9257,16
32851,16
62810,16
28018,16
87557,16
23949,16
81170,16
79253,16
10070,16
8059,16
29663,16
62178,16
52904,16
164,16
48154,16
91614,16
16753,16
26013,16
47275,16
9243,16
4368,16
90387,16
72496,16
39496,16
54889,16
34923,16
88237,16
92084,16
25390,16
44827,16
31736,16
94891,16
32827,16
71725,16
70394,16
19015,16
30788,16
80592,16
14930,16
19881,16
24903,16
3136,16
2049,17
70973,17
2637,17
96370,17
60578,17
65703,17
88302,17
97180,17
51212,17
97469,17
53160,17
48855,17
58454,17
95679,17
72015,17
19786,17
30722,17
74345,17
18583,17
53915,17
32365,17
69942,17
69628,17
7117,17
97852,17
57995,17
45050,17
65753,17
95937,17
76142,17
76244,17
79299,17
18294,17
97945,17
16892,17
47092,17
63748,17
82054,17
50403,17
50069,17
32130,17
45507,17
5256,17
9376,17
53646,17
57148,17
83365,17
45212,17
34771,17
733,17
11528,17
81075,18
37444,18
62214,18
13471,18
94164,18
65739,18
22989,18
26118,18
83883,18
21211,18
92187,18
19178,18
79833,18
20035,18
60791,18
74867,18
43251,18
21995,18
35762,18
92981,18
4430,18
29641,18
12607,18
52346,18
38055,18
93770,18
86468,18
16538,18
36890,18
31463,18
90624,18
19853,18
36385,18
89460,19
6879,19
81333,19
3254,19
80828,19
40042,19
88633,19
5783,19
85757,19
57766,19
53621,19
25794,19
73167,19
69596,19
8909,19
27145,19
22307,19
77059,19
37434,19
9628,19
81122,19
22995,19
53984,19
9394,19
10963,19
552,19
12857,19
51432,19
38719,19
3979,19
97028,19
18014,19
95189,19
22176,19
40037,19
5339,20
92569,20
85382,20
56521,20
3103,20
2577,20
45230,20
63824,20
75211,20
24714,20
51014,20
36410,20
26371,20
46571,20
201,20
18039,20
94273,20
32098,20
76786,20
54402,20
2735,20
39618,20
64960,20
90262,20
94748,20
77856,20
82770,20
94079,20
59269,20
75023,20
68247,20
31709,20
83946,20
50792,20
7349,20
23968,20
20673,20
40273,20
58392,20
54255,20
86050,20
40682,20
61448,20
47370,20
18305,20
82156,20
29921,20
85784,20
94076,20
80804,20
55982,20
26811,20
55621,21
14255,21
2837,21
48552,21
91653,21
94166,21
98371,21
80793,21
4450,21
46097,21
31063,21
49492,21
21780,21
67458,21
13198,21
1143,21
72609,21
65095,21
80164,21
95230,21
68663,21
59619,21
4658,21
39200,21
18192,21
19906,21
22218,21
90032,21
92764,21
59286,21
8963,21
8549,21
9967,21
2592,21
32148,21
57904,21
97990,21
66869,21
65192,21
65923,21
97357,21
19619,21
17239,21
86253,21
6606,21
93723,21
57937,21
21205,21
58802,21
24633,21
98358,21
87845,21
91909,21
44758,21
75757,21
13273,21
96491,21
40904,21
59852,22
33331,22
20861,22
54149,22
51965,22
18080,22
78148,22
81808,22
13312,22
55504,22
99096,22
55214,22
7555,22
84952,22
68783,22
704,22
78973,22
11953,22
97095,22
71174,22
61062,22
1440,22
43895,22
50881,22
12060,22
97450,22
84944,22
2016,22
38975,22
19777,22
29408,22
58033,22
93134,22
55303,22
36170,22
80998,22
54367,22
7529,22
90544,22
14550,22
51347,22
99199,22
40600,22
94065,22
60879,22
38518,22
44080,22
92408,22
59669,22
10283,23
36199,23
79710,23
61807,23
3306,23
77458,23
11637,23
81583,23
29340,23
64609,23
85951,23
5385,23
61478,23
55279,23
80062,23
4058,23
48842,23
973,23
97181,23
46988,23
13834,23
16136,23
21624,23
36064,23
31034,23
87664,23
81379,23
70387,23
6558,23
74362,23
13884,23
18736,23
30802,23
30574,23
3904,23
20248,23
81599,23
43102,23
81877,23
41774,23
162,23
26339,23
35217,23
93769,23
18376,23
3710,23
91229,23
94704,23
94078,23
33689,23
74663,23
70143,23
83511,23
59479,23
21372,23
96137,23
14436,23
36421,23
40813,23
40113,23
84056,23
3443,23
6202,23
79597,23
62696,23
89664,23
80401,23
80644,24
82833,24
53,24
78488,24
63035,24
14924,24
74554,24
53825,24
40971,24
37343,24
41877,24
96205,24
8235,24
67178,24
71038,24
8000,24
35378,24
8288,24
52179,24
26918,24
24979,24
17619,24
48750,24
58171,24
60094,24
13997,24
11910,24
91315,24
13110,24
71581,24
87418,24
72239,24
86003,24
24468,24
82494,24
68305,24
17562,24
27902,24
15275,24
73955,24
56804,24
68643,24
17314,24
36254,24
96138,24
93332,24
91729,24
17005,24
63294,24
74313,24
64606,24
91198,24
21368,24
53368,24
30690,24
52642,25
3866,25
60512,25
71103,25
10969,25
93055,25
37720,25
37252,25
56816,25
26273,25
51981,25
82572,25
19011,25
17106,25
38105,25
72806,25
13716,25
41485,25
49925,25
69086,25
2119,25
13363,25
22845,25
34398,25
99811,25
6678,25
68697,25
95761,25
6774,25
95357,25
5718,25
68212,25
56485,25
6958,25
57441,25
27560,25
95035,25
22595,25
94838,25
19718,25
3626,25
33496,25
89530,25
51998,25
71123,25
59031,25
95923,25
62902,25
60080,25
11669,25
97433,25
94021,26
97222,26
78335,26
32382,26
62434,26
49181,26
19812,26
22782,26
42322,26
93501,26
33242,26
25178,26
40486,26
43374,26
1295,26
56706,26
54978,26
25960,26
62068,26
34717,26
55712,26
24250,26
8525,26
60518,26
32831,26
94605,26
20620,26
92070,26
84615,26
61709,26
53139,26
77818,26
67210,26
84304,26
94326,26
59306,26
1944,26
71546,26
77291,26
70528,26
78056,26
84851,26
59979,26
79310,26
43470,26
81797,26
5897,26
40822,26
7697,26
71083,26
50005,26
54556,26
680,27
64893,27
79963,27
1120,27
91023,27
73472,27
57105,27
73277,27
41759,27
75524,27
81346,27
27211,27
56780,27
59936,27
56385,27
56894,27
98414,27
18577,27
37458,27
78902,27
74163,27
95263,27
39042,27
85808,27
97668,27
37601,27
27612,27
96792,27
57606,27
89942,27
69314,27
69087,27
35194,27
21692,27
21646,27
61266,27
71567,27
26762,27
6574,27
26438,27
33320,27
6464,27
89091,27
54898,27
35392,27
9035,27
94439,27
44858,27
76474,27
98347,27
8600,27
7643,27
10021,27
83893,27
93382,27
76265,27
5051,28
22233,28
96973,28
42721,28
94165,28
69739,28
52195,28
26672,28
77676,28
93108,28
81354,28
73680,28
8485,28
72110,28
89426,28
57588,28
22343,28
38314,28
72003,28
68073,28
28672,28
40385,28
52796,28
81150,28
28149,28
94070,28
52395,28
32674,28
94187,28
78994,29
99651,29
42204,29
97789,29
34047,29
69124,29
15154,29
72737,29
14171,29
3144,29
65277,29
570,29
77663,29
58636,29
39978,29
72396,29
11895,29
50343,29
35870,29
59825,29
5869,29
56150,29
14859,29
72775,29
19947,29
47484,29
23245,29
6408,29
88229,29
99719,29
82823,29
52203,29
64190,29
4716,29
87938,29
10044,29
32048,29
66762,29
83463,29
30617,29
38790,29
93872,29
49918,29
5635,29
12129,29
73235,29
90303,29
33844,29
19525,29
98901,29
61286,29
92447,30
38953,30
52937,30
65896,30
54381,30
37378,30
88661,30
18852,30
94830,30
80833,30
18367,30
55814,30
95106,30
20112,30
42827,30
32863,30
60453,30
52167,30
687,30
77297,30
34682,30
95184,30
35681,30
33408,30
88180,30
2036,30
86674,30
24761,30
75125,30
67285,30
93214,30
21450,30
78775,30
14174,31
82259,31
85742,31
8165,31
94388,31
78635,31
76777,31
96665,31
54150,31
22068,31
72468,31
45004,31
26488,31
93996,31
13390,31
8798,31
29648,31
13876,31
65322,31
95891,31
83794,31
32247,31
29006,31
54419,31
50054,31
65820,31
3159,31
23881,31
12472,31
89832,31
75593,31
62080,31
9711,31
78212,31
81632,31
62881,31
53590,31
30575,31
3766,31
54583,31
67421,31
9931,31
88618,31
22912,31
83274,31
10459,31
54702,31
64123,31
70807,31
81226,31
66142,31
74255,31
67758,31
77509,31
28116,31
68207,31
47178,31
43961,31
39389,31
99254,31
34128,32
51952,32
4350,32
65133,32
18258,32
34536,32
16982,32
95431,32
14871,32
67667,32
42667,32
78094,32
45604,32
29387,32
94489,32
22504,32
77857,32
65487,32
94567,32
26159,32
38471,32
70347,32
57763,32
23823,32
29373,32
58755,32
87392,32
29687,32
75135,32
61436,32
40414,32
11427,32
84074,32
39720,32
67565,32
36782,32
34713,32
15548,32
46903,32
10694,32
46670,32
89216,32
94539,32
88750,32
63312,32
47113,33
29159,33
21577,33
37535,33
95318,33
76687,33
7120,33
89512,33
77844,33
10776,33
24738,33
8859,33
81833,33
24423,33
49034,33
45177,33
60703,33
45738,33
29918,33
87598,33
11564,33
99035,33
32038,33
40039,33
6227,33
37802,33
45725,33
63506,33
70455,33
74767,33
89215,33
66501,33
19200,33
54001,33
43974,33
50812,33
85859,33
4188,33
33123,33
24665,33
87306,33
87562,33
90949,33
82445,33
49281,33
31732,33
45138,33
55302,33
64592,33
30849,33
31096,33
67590,33
24110,33
80094,33
51970,33
60021,33
84920,34
72561,34
43808,34
30295,34
5841,34
36204,34
21736,34
33268,34
74354,34
93894,34
42131,34
83215,34
38478,34
81098,34
34685,34
23641,34
47305,34
48501,34
72338,34
30375,34
84912,34
47104,35
69946,35
31936,35
24321,35
41964,35
52778,35
9266,35
60585,35
83815,35
19279,35
96140,35
79414,35
11473,35
67130,35
50086,35
18335,35
3875,35
73384,35
79734,35
82406,35
73685,35
43370,35
73948,35
73995,35
9436,35
61233,35
90827,35
58985,35
21567,35
50363,35
97727,35
44698,35
16207,35
15500,35
70288,35
30284,35
60842,35
21432,35
31035,35
20349,35
78958,35
87231,35
35632,35
49420,35
97777,35
34782,35
39721,35
24999,35
71732,35
82539,36
50461,36
90138,36
78830,36
86185,36
77172,36
41790,36
71636,36
76277,36
11560,36
7991,36
81787,36
76587,36
67459,36
42753,36
44379,36
74617,36
36221,36
17035,36
57425,36
95464,36
12839,36
76890,36
14369,36
44870,36
43649,36
93817,36
78963,36
2545,36
26351,36
55433,36
94257,36
88936,36
82110,36
71065,36
13870,36
48886,36
69548,36
59714,36
69843,36
46647,36
83725,36
98318,36
3568,36
43489,36
66822,36
83134,36
44091,36
75736,37
8534,37
12499,37
32852,37
67256,37
2630,37
5142,37
5056,37
1131,37
62561,37
85227,37
96169,37
29302,37
750,37
5646,37
53295,37
86666,37
97542,37
30343,37
18499,37
67399,37
83738,37
8977,37
31565,37
49102,37
1659,37
14146,37
26068,37
39517,37
86850,37
14636,37
18216,37
17011,37
38279,37
24490,37
64716,37
41593,37
30566,37
31380,37
48032,37
2584,37
59939,37
202,37
99340,37
75900,37
41398,37
41784,37
24899,37
24320,37
87304,37
74173,37
60333,37
24597,37
17279,37
36236,37
87472,37
2614,37
88014,37
23726,37
54307,37
57555,37
36633,37
17074,38
37316,38
17286,38
99002,38
51960,38
93000,38
45261,38
19680,38
70760,38
18323,38
56102,38
85933,38
32216,38
71215,38
36098,38
15239,38
88178,38
43656,38
49195,38
68107,38
9554,38
57838,39
50616,39
15714,39
13380,39
91313,39
56154,39
47676,39
86958,39
47157,39
28528,39
91277,39
5586,39
22396,40
22612,40
22318,40
22306,40
6302,40
1774,40
56800,40
29037,40
95812,40
17254,40
62910,41
40613,41
93067,41
31424,41
59541,41
32178,41
29647,41
76214,41
22646,41
83234,41
82983,41
61933,41
56885,41
74865,41
96358,41
3909,41
89067,41
24695,41
32944,41
4680,41
16307,41
54461,42
77354,42
54842,42
35277,42
16211,42
42227,42
98156,42
70724,42
13844,42
42015,42
16915,42
34487,42
725,42
77966,42
75159,42
95738,42
48742,42
44141,42
14628,43
93762,43
96826,43
46004,43
114,43
7151,43
67306,43
61768,43
27266,43
79576,43
67433,43
92906,43
76641,43
16250,43
45624,43
57633,43
3747,43
13090,43
57300,43
27322,43
17202,43
12772,44
41206,44
63828,44
9053,44
99407,44
21968,44
24411,44
79973,44
90796,44
91503,44
3400,44
51703,44
71024,44
52264,44
23385,44
46484,44
59071,44
5061,44
95527,44
71497,45
3655,45
3406,45
82515,45
30283,45
35654,45
24800,45
71016,45
41809,45
46739,45
79049,45
29440,45
51961,45
25105,45
38463,45
15782,45
12307,45
27473,45
85843,45
17704,45
31828,45
55162,45
19038,45
99580,46
64877,46
64205,46
49617,46
36023,46
95307,46
95555,46
1957,46
731,46
75043,46
65999,46
5941,46
10236,46
95725,46
65842,46
84550,46
13382,46
24157,46
18916,46
872,46
57534,46
73977,46
10345,46
52650,46
70047,46
24255,46
84268,46
76,46
51708,46
58612,46
84832,46
79668,46
18646,47
56601,47
21122,47
65070,47
58734,47
82458,47
31649,47
95928,47
50971,47
40483,47
30604,47
70508,47
83933,47
57830,47
81966,47
39569,47
24792,47
20132,47
8923,47
4397,47
26562,47
52491,47
91212,47
91300,47
6159,47
99260,47
832,47
19311,47
59708,47
48153,47
34,47
18247,47
62675,47
84208,47
77492,48
89360,48
97869,48
44412,48
96466,48
54097,48
72705,48
66950,48
58119,48
14603,48
32206,48
24877,48
49528,48
65209,48
1666,48
91709,48
27125,48
40859,48
86046,48
54713,48
88554,48
34620,48
13474,48
70549,48
58854,48
16217,48
74826,48
32032,48
52445,48
15315,48
98883,48
1803,48
18932,48
441,48
83540,48
21403,48
62984,48
7873,48
1024,48
40524,49
40945,49
982,49
3394,49
87861,49
39639,49
50322,49
34896,49
41241,49
26997,49
88557,49
66652,49
4360,49
72957,49
8724,49
32276,49
40778,49
82527,49
58692,49
35627,49
15735,49
23283,49
34793,49
76444,49
29565,49
36581,49
47180,49
69805,49
22910,49
45056,49
64714,49
59832,49
14845,49
2732,49
49665,49
67505,50
4994,50
2728,50
49375,50
69513,50
94455,50
3463,50
14659,50
64325,50
46445,50
95939,50
33297,50
59183,50
4093,50
95407,50
59820,50
69930,50
45824,50
78883,50
81865,50
45053,50
81342,50
523,50
52026,50
60361,50
62679,50
22189,50
3509,50
93291,50
32559,50
85652,50
3811,50
65250,50
35000,50
69551,50
5961,50
39971,50
90611,50
92132,50
39182,50
90773,50
33413,50
64062,50
26300,50
34325,50
74073,50
50567,50
33158,50
81783,50
91081,50
96803,50
16761,50
45663,50
91368,50
11967,50
97000,50
72915,50
64044,50
38672,50
57794,50
63815,50
10130,50
47425,50
6438,50
93596,50
25090,50
97858,50
85442,50
40148,51
15237,51
86836,51
51376,51
50208,51
35840,51
77118,51
76783,51
83347,51
11514,51
25771,51
93844,51
98215,51
399,51
98671,51
96850,51
96011,51
97906,51
32931,51
47966,51
52447,51
49239,51
5589,51
59293,51
79477,51
95561,51
92135,51
55518,51
71124,52
85206,52
71043,52
79137,52
84921,52
24563,52
7347,52
63826,52
1685,52
60691,52
55598,52
58070,52
23932,52
93618,52
28061,52
77186,52
34318,52
14700,52
10385,52
84592,52
2949,52
97799,52
42147,52
8957,52
33834,52
47027,52
57531,52
84220,52
6544,52
29859,52
61449,53
97362,53
12233,53
39990,53
70326,53
296,53
52762,53
98030,53
81602,53
93913,53
85743,53
61080,53
9972,53
93156,53
31814,53
43305,53
39149,53
94420,53
69683,53
74189,53
11250,53
48883,54
39959,54
3062,54
63838,54
31242,54
27180,54
33944,54
77607,54
10337,54
13510,54
40676,54
81829,54
76610,54
99376,54
71422,54
89283,54
32127,54
24404,54
95009,54
85883,54
16102,54
43327,54
10624,54
55552,54
44885,54
80009,54
71826,54
79778,55
97620,55
74441,55
78057,55
37509,55
25128,55
24269,55
19346,55
90372,55
99345,55
46394,55
89162,55
48293,55
10810,55
72103,55
63800,55
75497,55
96045,55
81136,55
74117,55
51105,55
72311,55
65193,55
73365,55
16079,55
42833,55
24583,55
61130,55
3338,55
93142,55
80379,55
21230,55
84820,55
70867,55
51342,56
67830,56
74432,56
41041,56
37281,56
90426,56
95023,56
23356,56
6936,56
57789,56
49737,56
87083,56
87100,56
38573,56
65688,56
85124,56
8259,56
36795,56
89277,56
42731,56
21905,56
86069,56
4957,56
83104,56
81556,56
7015,56
26858,56
64806,56
51015,56
29095,56
61557,56
5070,56
86546,56
46114,56
62098,56
16110,56
28619,56
24834,56
11979,56
66518,56
13245,56
77069,56
15680,56
84038,56
26057,56
86855,56
28875,56
14612,56
57126,56
3273,56
87610,56
57137,56
68312,56
87687,56
49473,56
79890,56
45694,56
27048,56
75448,56
12002,56
27517,57
80301,57
93147,57
82581,57
79320,57
62936,57
1108,57
89585,57
14248,57
76618,57
85597,57
24858,57
92773,57
22949,57
87323,57
94309,57
46534,57
49288,57
19407,57
84192,57
24483,57
54774,57
95922,57
51824,57
32574,57
14506,57
18770,57
48137,57
78721,57
70178,57
56013,57
2924,57
90746,57
71685,57
26949,57
42478,57
20844,57
11666,57
20749,57
9481,57
87095,57
99045,57
12584,57
4442,57
95893,57
67714,57
79051,57
2491,57
77410,58
68874,58
59338,58
21677,58
14716,58
87439,58
66446,58
69528,58
86075,58
26817,58
77797,58
78116,58
98766,58
83507,58
30907,58
31532,58
72743,58
86885,58
51380,58
44598,58
9777,58
69308,58
46581,58
31894,58
18853,58
34498,58
46507,58
87954,58
94611,58
55112,58
82767,58
60818,58
18471,58
3375,58
10758,58
91153,58
75468,58
62978,58
14125,58
62748,58
43559,58
65395,58
39027,58
85722,58
46541,58
68871,58
90696,58
91595,58
18690,58
49264,58
22959,58
95066,58
96262,58
98948,58
9115,58
49156,58
5402,58
56472,58
6429,58
843,58
81945,58
92816,58
78661,58
4947,58
21547,58
12657,58
74449,58
36144,58
19668,58
92484,58
11171,58
83461,58
27977,58
46597,58
78768,58
11898,59
71250,59
2503,59
52050,59
84655,59
50270,59
5723,59
51371,59
48006,59
78277,59
88752,59
92984,59
44018,59
37005,59
35731,59
90632,59
31126,59
65837,59
67015,59
66138,59
96671,59
59105,59
23070,59
8096,59
62894,59
58343,59
10774,59
84579,59
36375,59
66186,59
11567,59
5734,59
47024,59
5489,59
14403,59
66405,59
68774,59
79908,59
54718,59
39229,59
36827,59
85430,59
77760,59
9089,59
10287,60
29125,60
30993,60
56158,60
26509,60
94019,60
10765,60
34858,60
73614,60
97642,60
92985,60
58474,60
9617,60
35785,60
3630,60
41332,60
52378,60
36792,60
52719,60
95161,60
95018,60
17973,60
542,60
8864,61
52296,61
90872,61
98636,61
42121,61
73650,61
18506,61
72533,61
98947,61
34611,61
98055,61
66119,61
5260,61
45119,61
62617,61
84487,61
54142,61
29917,61
46901,61
91477,61
96886,61
403,61
1028,61
86384,61
81417,61
8846,61
10677,61
72827,61
31931,61
12972,61
82688,61
45237,61
61454,61
96212,61
39877,61
21277,61
40495,61
58242,61
34871,61
39735,61
10272,61
67532,61
50937,61
64855,61
40308,61
46455,62
7920,62
56977,62
11434,62
84097,62
24173,62
70330,62
81628,62
44025,62
19448,62
73922,62
57692,62
41262,62
51916,62
30865,62
94258,62
67058,62
90403,62
12921,62
15758,62
45370,62
22255,62
17519,62
75797,62
62664,62
26803,62
79106,62
75578,62
15296,62
81043,62
2069,63
3226,63
97107,63
51789,63
3617,63
85606,63
84575,63
95872,63
30345,63
22853,63
29213,63
16193,63
89117,63
97690,63
5397,63
96088,63
43607,63
97996,63
61030,63
85919,63
9858,63
62144,63
29968,63
31633,63
87852,63
28503,63
91814,63
557,63
40243,63
35989,63
59733,64
82524,64
32662,64
21221,64
27773,64
84617,64
99073,64
8227,64
46855,64
28966,64
77512,64
82774,64
73694,64
71280,64
17647,64
43860,64
2417,64
14044,64
94287,64
85276,64
50466,64
76917,64
29327,64
6216,64
66630,64
8079,64
68112,64
58104,64
40395,65
66939,65
93075,65
27128,65
20593,65
39079,65
15286,65
6895,65
30927,65
92529,65
21467,65
70124,65
72813,65
8904,65
77593,65
86235,65
49883,65
83981,65
40342,65
91295,65
25651,65
58820,65
55184,65
44011,65
99335,65
47666,65
25989,65
15092,65
63591,65
78390,65
27115,65
14143,65
66276,65
58134,65
1515,65
22119,65
34058,65
28477,65
74353,65
70637,65
59929,65
99660,65
90108,65
1265,65
64993,65
41924,65
23417,65
33416,65
17492,65
54268,65
82690,65
86690,65
89762,65
38928,66
86098,66
82835,66
48748,66
36383,66
96072,66
31206,66
31973,66
70892,66
9762,66
69393,66
25317,66
11874,66
96615,66
91947,66
36179,66
89239,66
79239,66
53910,66
29357,66
5937,66
14883,66
82602,66
37463,66
41871,66
12666,66
7731,66
48107,66
32549,66
8152,66
87302,66
70269,66
33547,66
75094,66
41222,66
99765,66
75937,66
93251,66
93603,66
42487,66
54756,66
67121,66
32012,66
65624,66
56671,66
43696,66
23458,67
96347,67
33044,67
3850,67
25542,67
73030,67
74615,67
49345,67
65112,67
64337,67
25554,67
91912,67
70697,67
68878,67
87133,67
73716,67
11379,67
37603,67
27888,67
99247,67
3115,67
72056,67
94549,67
26718,67
86501,67
13157,67
99303,67
96542,67
23625,67
29855,67
80452,67
35225,67
65749,67
38893,67
1140,67
70791,67
54077,67
50243,67
2790,67
10790,67
83501,67
91963,67
31331,67
35204,67
58201,67
82787,67
2054,67
8087,67
8219,67
35395,67
75624,67
54660,67
16596,67
28552,67
44215,67
73127,67
18705,68
22539,68
96531,68
92574,68
89157,68
41381,68
99167,68
95191,68
58159,68
93454,68
21709,68
28408,68
77188,68
18134,68
21891,68
91569,68
75244,68
69636,68
44024,68
91734,68
86670,68
98838,68
48055,68
90787,68
15042,68
32334,68
65560,68
89318,68
94879,68
27446,68
82848,68
27679,68
34396,68
98899,68
76578,68
39717,68
59282,69
33971,69
24737,69
76695,69
20572,69
4025,69
15948,69
45063,69
9788,69
75166,69
18131,69
18306,69
46492,69
58386,69
22299,69
14128,69
37256,69
85105,69
92658,69
74250,69
6205,69
34094,69
56543,69
28063,69
6900,69
97751,69
4555,69
56388,69
26203,69
90571,70
37926,70
39232,70
81755,70
46294,70
69159,70
92182,70
64973,70
2948,70
27838,70
12084,70
44172,70
9088,70
14191,70
79196,70
11503,70
92279,70
94492,70
86112,70
88677,70
2976,70
51153,70
37330,70
92854,70
71742,70
93509,70
2842,70
44218,70
29274,70
51614,70
69737,70
46816,70
79719,70
45823,70
36728,70
15843,70
21555,70
59680,70
86970,70
27691,70
31086,70
63958,70
20439,70
78456,70
82595,70
8196,70
79592,70
48570,70
7942,70
71798,70
98394,70
236,70
64599,70
28998,70
3206,70
9308,70
87151,70
76218,71
39564,71
42619,71
70880,71
8197,71
39533,71
88013,71
76272,71
84764,71
1136,71
31955,71
318,71
41844,71
59134,71
78514,71
96426,71
93431,71
10145,71
19761,71
21821,71
6669,71
41541,71
9518,71
66169,71
63988,71
52032,71
36367,71
63949,71
33217,71
58884,71
89102,71
75036,71
56142,71
60880,71
40269,71
19901,71
25461,71
28744,71
39883,71
87957,71
78763,71
77753,71
30623,71
96170,71
57735,71
99316,71
16246,71
34227,71
44197,71
98515,71
70133,71
17181,71
59602,71
95205,71
65472,71
49582,71
81172,71
51551,71
81607,71
86978,71
17509,71
59887,71
33802,71
89984,72
30834,72
69624,72
6628,72
57565,72
61419,72
16321,72
55980,72
40569,72
38359,72
19424,72
92646,72
68547,72
33360,72
95645,72
16167,72
66084,72
61565,72
36135,72
80698,72
64792,72
4095,72
95805,72
83047,72
72922,72
71021,72
83908,72
83752,72
45574,72
42815,72
340,72
16283,72
37464,72
71591,72
1241,72
50560,72
82617,72
13399,72
24840,72
51462,72
13213,72
32956,72
72217,72
91562,72
17359,72
78516,72
92707,72
90374,72
30357,72
75530,72
40759,72
34735,72
40616,72
20611,72
62454,72
6441,72
63927,72
76286,73
47168,73
61545,73
89108,73
15276,73
29096,73
61373,73
24081,73
69569,73
32013,73
22667,73
9282,73
46359,73
26041,73
90518,73
70263,73
44079,73
88427,73
89583,73
79874,73
84777,73
77933,73
58591,73
16837,73
45736,73
65966,73
31812,73
23405,73
74645,73
34821,73
12151,73
18182,73
59670,73
22721,73
47069,73
39954,73
88891,73
4193,73
54705,73
42686,73
56781,73
7399,73
26591,73
74187,73
21502,73
65388,73
9534,73
49292,73
53087,74
42169,74
18863,74
93551,74
16967,74
95062,74
25956,74
26816,74
21290,74
32894,74
11903,74
1083,74
81099,74
66262,74
87025,74
19998,74
13295,74
26560,74
77950,74
12274,74
86943,74
89513,74
17812,74
88739,74
52557,74
52945,74
14735,74
91299,74
18069,74
68749,74
84782,74
32082,74
437,74
17753,74
4728,74
50049,74
15227,74
15722,74
7011,74
59950,74
9093,74
88027,74
19950,74
51560,74
8501,74
19968,74
93277,74
23273,74
12683,74
14522,74
96588,74
96135,74
60800,74
65051,74
23367,74
11697,74
9124,74
67013,74
94935,74
48898,74
19811,74
10394,74
66331,74
25131,74
4564,75
91,75
29892,75
27878,75
95930,75
46032,75
77713,75
96883,75
77024,75
44828,75
23853,75
66327,75
41200,75
96627,75
36198,75
50953,75
1436,75
28834,75
31625,75
90808,75
6465,75
5886,75
74440,75
23914,75
96439,75
74165,75
83565,75
36719,75
45088,75
66833,75
92186,75
44394,75
76302,75
66073,75
59159,75
43369,75
1716,75
91854,75
35598,75
7230,75
25704,75
86761,75
3604,75
38028,75
94254,75
20109,76
87635,76
51876,76
1392,76
46782,76
40567,76
36077,76
57095,76
67895,76
66320,76
63272,76
68590,76
22274,76
25632,76
85179,76
58042,76
77834,76
85280,76
64449,76
93867,76
62176,76
57808,76
53832,76
76752,76
72,76
89656,76
18347,76
35017,76
20660,76
68146,76
46338,76
50095,76
88154,76
21374,76
4748,76
43628,76
98512,76
51353,76
25755,76
72401,76
66139,76
64360,76
49579,76
20316,76
65030,76
59180,76
81626,76
52085,77
50709,77
72674,77
31412,77
3714,77
21137,77
96566,77
82547,77
59814,77
80201,77
49963,77
96395,77
52112,77
86536,77
8466,77
61816,77
38996,77
3030,77
3834,77
33163,77
32324,77
3808,77
23460,77
28224,77
41023,77
18248,77
84080,77
20687,77
33596,77
16112,77
74344,77
76242,77
20457,77
30217,77
46504,77
21733,77
53370,77
66857,77
98153,77
46823,77
54167,77
34543,77
24954,77
83081,77
22332,77
41451,77
90385,77
75086,77
70056,77
99639,77
45822,77
77891,77
25990,77
45388,77
86143,77
37614,77
35114,77
16836,77
38238,77
35653,77
6625,77
58607,77
1691,77
8285,77
48518,77
10279,78
43746,78
17884,78
38988,78
18663,78
88346,78
5215,78
72124,78
30628,78
68755,78
19646,78
31003,78
8685,78
18340,78
61368,78
20535,78
28908,78
37232,78
38646,78
1938,78
31691,78
35161,78
93446,78
97987,78
49470,78
34732,78
44877,78
83025,78
11635,78
75113,78
11579,78
73210,78
19498,78
61498,78
34041,78
19174,78
24759,78
74035,78
62783,78
88785,78
22856,78
72356,78
40893,79
10814,79
58395,79
66669,79
93296,79
98294,79
94359,79
74140,79
54487,79
38904,79
16782,79
7379,79
97448,79
346,79
69809,79
69696,79
52897,79
33870,79
5236,79
77233,79
44739,79
68763,79
38078,79
8352,79
60674,79
69148,79
62864,79
53036,79
43460,79
86439,79
62812,79
13923,79
16105,79
5423,79
82103,79
17849,79
38079,79
71572,79
62005,79
91991,79
24050,79
86251,80
60973,80
94840,80
96189,80
6722,80
21616,80
84015,80
98083,80
11830,80
78041,80
39433,80
43046,80
68141,80
95216,80
3753,80
58214,80
46088,80
49066,80
29464,80
63645,80
5889,80
4684,80
49612,80
35038,80
25120,80
96913,80
80741,80
39996,80
30407,80
44801,80
85473,80
28545,80
77279,80
53239,80
67946,80
69878,80
53458,80
12566,80
40734,80
44897,80
72990,80
65553,80
38050,80
84075,80
37437,80
70927,80
95772,80
56620,80
72717,81
43273,81
59954,81
39594,81
72322,81
59636,81
78703,81
56889,81
70894,81
65381,81
83424,81
24012,81
15646,81
34606,81
64883,81
39186,81
55819,81
81544,81
32973,81
4419,81
37863,81
5607,81
81740,81
93646,81
7752,81
6034,81
81315,81
27528,81
62282,81
48668,81
20976,81
38396,81
50001,81
74503,81
26729,81
43515,81
49549,81
60239,81
21200,81
58108,81
71674,81
52154,81
70996,81
23312,81
23851,81
25617,81
72729,81
32647,81
72605,81
50345,81
66197,81
49718,81
98171,81
62067,81
13489,81
44519,81
89862,81
58662,81
67196,81
43040,82
31138,82
76485,82
95491,82
77718,82
1300,82
57143,82
58747,82
83781,82
9949,82
14273,82
43522,82
82995,82
33899,82
48150,82
12337,82
8221,82
42692,82
19539,82
37291,82
42727,82
27447,82
94016,82
59629,82
97466,82
44057,82
12301,82
19925,82
9096,82
16226,82
2058,82
33305,82
53630,82
10771,82
61297,82
99412,82
79655,82
34649,82
19502,83
97039,83
899,83
58188,83
10857,83
82569,83
2178,83
26768,83
42029,83
37289,83
6225,83
16563,83
32844,83
39240,83
98495,83
51737,83
4252,83
3867,83
10893,83
49813,83
19987,83
25683,83
4788,83
39699,83
91845,83
24919,83
52146,83
55341,83
5951,83
53735,83
91372,83
10876,83
48048,83
63931,83
99929,83
32712,83
74159,83
84214,83
61208,83
52366,83
85151,83
27606,83
60649,83
31248,84
57338,84
93303,84
67770,84
75830,84
85700,84
81873,84
99152,84
46519,84
1830,84
33473,84
64445,84
72144,84
62323,84
72696,84
3633,84
77525,84
45798,84
94082,84
81763,84
35141,84
55850,84
78610,84
47833,84
87287,84
19822,84
93132,84
57972,84
63404,84
81103,84
7546,85
12937,85
91649,85
12522,85
34272,85
38082,85
52243,85
889,85
2854,85
79443,85
11410,85
74019,85
22225,85
4843,85
15037,85
37295,85
88525,85
39315,85
4370,85
74273,85
47392,85
45940,85
90790,85
84441,85
90020,85
60373,85
96625,85
37937,85
65831,85
71379,85
5191,85
84768,86
57537,86
15886,86
60851,86
54414,86
54212,86
88570,86
85534,86
70874,86
23768,86
50704,86
96274,86
2216,86
47399,86
77914,86
82311,86
42861,86
54225,86
18269,86
40040,86
30448,86
91786,86
13486,86
26076,86
26857,86
44135,86
72665,86
20612,86
50719,86
89280,86
2266,86
7939,86
38247,86
85418,86
85544,86
31189,86
80335,86
50096,86
79233,86
48423,86
72193,86
17113,86
92683,86
86529,86
79550,86
92822,86
39039,86
9619,86
20157,86
95890,86
70395,86
53905,86
52473,86
95070,86
30813,86
24745,86
26691,86
67669,86
62605,86
82372,86
26915,87
88605,87
84442,87
73456,87
26946,87
96678,87
10018,87
12661,87
70103,87
79423,87
19242,87
82040,87
95462,87
66204,87
41859,87
20697,87
23769,87
29811,87
18324,87
56564,87
22752,87
23999,87
87620,87
3784,87
21689,87
44561,87
58993,87
1025,87
49508,87
1655,87
32325,87
37549,87
69162,87
20435,87
56236,87
63188,87
25840,87
47949,87
37390,87
6884,87
54707,87
87364,87
10916,87
68005,87
46357,87
85507,87
89254,87
24666,87
6219,87
62302,87
60573,87
25665,87
96648,87
9470,87
77918,87
58829,87
33052,88
85224,88
39400,88
49069,88
75746,88
49894,88
79563,88
15835,88
10743,88
97367,88
25414,88
72083,88
65736,88
25246,88
19491,88
89311,88
31200,88
65135,88
79259,88
13036,88
48221,88
31760,88
69006,88
35993,88
31958,88
36687,88
87013,88
91342,88
31056,88
78645,88
71982,88
17409,88
73063,88
85680,88
20001,88
84216,88
57900,88
82509,88
69250,89
30658,89
98665,89
50999,89
89358,89
89036,89
84761,89
61163,89
1098,89
12300,89
73429,89
8496,89
48344,89
18658,89
75783,89
93306,89
10258,89
51873,89
51251,89
2959,89
10330,89
82618,89
43802,89
92600,89
5344,89
36854,89
93583,89
97235,89
60897,89
27686,89
41671,89
31835,89
20634,89
30922,89
18264,89
41884,89
17479,89
55720,89
51028,89
14832,89
2231,89
90900,89
44449,89
86072,89
21641,89
27507,89
64717,89
31043,89
68927,89
795,89
57340,89
19588,89
95199,89
58729,90
56986,90
53351,90
85846,90
61653,90
15805,90
44310,90
75344,90
28769,90
59990,90
50398,90
93227,90
24074,90
36788,90
99022,90
76405,90
89712,90
69677,90
24388,90
8295,90
75367,90
66483,90
55681,90
33506,90
47008,90
53024,90
74099,90
4043,90
67893,90
58553,90
89106,90
35293,90
92789,90
35601,90
9987,90
10602,90
95383,90
58450,90
85542,90
64945,90
23870,90
62252,90
92019,90
74953,90
1606,90
66214,90
94104,90
98610,90
40920,90
77482,90
10017,90
25884,90
23818,90
93180,90
25124,91
61162,91
62924,91
88509,91
49683,91
70011,91
47317,91
92236,91
95180,91
78712,91
29068,91
13238,91
15326,91
70884,91
66415,91
46589,91
52110,91
48297,91
9596,91
66345,91
12402,91
2910,91
73151,91
85237,91
1684,91
64216,91
58556,91
15069,91
39289,91
48663,91
4879,91
20916,91
73571,91
13522,91
21362,91
91522,91
42091,91
46950,91
68257,91
27159,91
6762,91
39181,91
52731,91
88485,91
70462,91
39788,91
96408,91
71586,92
95223,92
15348,92
41764,92
67718,92
45070,92
82696,92
37396,92
76935,92
96312,92
60168,92
6081,92
29314,92
7625,92
91976,92
52061,92
52081,92
25515,92
25933,92
89370,92
31739,92
70953,92
20284,92
91618,92
85077,92
49551,92
72977,92
45216,92
25592,92
10726,92
36270,92
45802,92
40888,92
48995,92
38479,92
12182,92
64016,92
90997,92
85774,92
21636,92
77062,92
86105,92
77727,92
15678,92
54232,92
70785,92
11870,92
902,92
80685,92
19826,92
64903,92
88316,92
153,92
6076,92
21393,93
15029,93
2327,93
8175,93
28129,93
3578,93
64211,93
45214,93
29226,93
16082,93
12024,93
14899,93
5714,93
73590,93
22553,93
48404,93
60506,93
79399,93
44192,93
41522,93
21278,93
99761,93
90972,93
9963,93
79877,93
74234,93
76680,93
2349,93
33108,93
31566,93
69196,93
89635,93
23364,93
23031,93
20881,93
39842,93
93401,93
88786,93
90651,93
37737,93
23221,93
69215,93
59800,93
87129,93
42909,93
95849,93
28254,93
45812,93
7682,93
32465,93
60664,94
52727,94
62104,94
14152,94
58803,94
6980,94
47819,94
64451,94
40671,94
2557,94
41273,94
25698,94
80601,94
61282,94
13854,94
82586,94
50193,94
47377,94
15011,94
19003,94
6333,94
48819,94
37699,94
28485,94
82218,94
11187,94
92210,94
10207,94
99010,94
97837,94
67278,94
21479,94
40215,94
41373,94
91294,94
56157,94
30710,94
13840,94
7030,94
47825,94
1988,94
89378,94
99150,94
72843,94
12302,94
32954,94
35213,94
53632,94
49327,94
91974,94
60823,94
71535,94
12568,94
36453,94
83257,94
90122,94
99886,94
12539,94
16101,94
6241,94
78471,94
76079,94
99429,94
22123,94
25607,94
59406,94
68403,94
16220,94
74546,94
47909,94
19754,94
58136,95
64647,95
46132,95
96828,95
53305,95
65565,95
26424,95
66717,95
54361,95
61813,95
3906,95
70672,95
74926,95
56904,95
9744,95
62221,95
63025,95
6125,95
72524,95
86668,95
11236,95
13010,95
16868,95
29652,95
81462,95
43215,95
24522,95
59188,95
29325,95
3290,95
61387,95
37249,95
19499,95
60627,95
24088,95
66626,95
39068,95
96661,95
62615,95
71677,95
38941,95
64483,95
89736,95
45911,95
54683,95
33608,95
50747,95
15009,95
92744,95
81264,95
504,95
23390,95
85141,95
47002,95
38085,95
95785,95
86037,95
24802,95
13401,95
55914,95
50975,95
63315,96
64899,96
24757,96
21435,96
81492,96
5768,96
89915,96
25675,96
12949,96
59061,96
82399,96
18317,96
31637,96
74815,96
56024,96
72066,96
28175,96
17538,96
94873,96
56678,96
4400,96
4727,96
51180,96
67899,96
33651,96
76776,96
61960,96
13703,96
78534,96
10836,96
99588,96
81120,96
72918,96
99752,96
76364,97
13156,97
32602,97
5433,97
65727,97
4256,97
43569,97
76770,97
36591,97
75427,97
99992,97
70825,97
60900,97
60343,97
71770,97
68798,97
6426,97
89156,97
74728,97
32651,97
31117,97
83560,97
90883,97
41736,97
96821,97
56042,97
95677,97
8341,97
89209,97
42566,97
52065,97
80206,97
5628,97
99617,97
62165,97
47601,97
1815,97
45740,97
19560,97
8787,97
83974,97
80861,97
83328,97
61891,97
23269,97
6640,97
213,97
85841,97
16282,98
97986,98
53900,98
21510,98
74580,98
74769,98
24367,98
58879,98
32503,98
70795,98
94068,98
15404,98
16164,98
43345,98
77775,98
43118,98
32695,98
49253,98
9852,98
80078,98
13534,98
81021,98
72226,98
7353,98
9581,98
45036,98
24165,98
25407,98
50295,98
82019,98
90976,98
79128,98
64043,98
31735,98
35156,98
48089,98
14671,99
34790,99
36210,99
5851,99
56191,99
45735,99
13398,99
92523,99
9742,99
21586,99
18611,99
77552,99
60097,99
12242,99
48349,99
52568,99
28894,99
32612,99
6358,99
47050,99
21587,99
86772,99
42089,99
88659,99
28554,99
22362,99
38976,99
44179,99
34226,99
43676,99
6538,99
1946,99
78410,99
67706,99
73583,99
70282,99
54577,99
83733,99
93704,99
54980,99
37257,99
3221,99
66913,99
77793,99
69654,99
90445,99
11562,100
45350,100
38788,100
63631,100
79843,100
73724,100
84675,100
57205,100
89878,100
18459,100
84603,100
61301,100
39481,100
88988,100
91739,100
21938,100
63968,100
66841,100
2616,100
77565,100
84396,100
12736,100
90658,100
74534,100
7234,100
99151,100
64854,100
20143,100
16461,100
32799,100
14944,100
81450,100
94553,100
21884,100
67175,100
21274,100
95769,100
78577,100
93238,100
31616,100
27756,100
37521,100
71077,100
66752,100
91825,101
88245,101
47787,101
57765,101
25328,101
52790,101
26156,101
26920,101
48012,101
96878,101
37423,101
51019,101
76849,101
83414,101
41851,101
82666,101
87541,101
50468,101
47037,101
40603,101
28303,101
45186,101
10899,101
14004,101
83322,101
33201,101
52262,101
15532,101
96768,101
12863,101
10362,101
99117,101
67878,101
54659,101
12867,101
11525,101
26844,101
2108,101
36730,101
92100,101
58693,101
31686,101
87582,101
7793,101
88340,101
23922,101
93745,101
93077,101
26014,101
65612,101
75516,101
19126,101
30359,101
78890,101
98287,101
3873,101
109,101
95394,101
19109,101
7745,101
32524,101
64756,101
89498,101
76413,101
66185,101
38777,101
68806,101
32053,101
49052,101
58795,101
94968,101
73259,102
61881,102
50352,102
46726,102
22084,102
21749,102
21623,102
41198,102
90128,102
99110,102
87320,102
99243,102
68698,102
26463,102
19804,102
98970,102
52800,102
97025,102
34039,102
98994,102
42885,102
31648,102
33722,102
11779,102
85710,102
10892,102
96761,102
7999,102
80895,102
62765,102
23657,102
8926,102
94183,102
60830,102
17386,102
58234,102
7941,102
28968,102
34155,102
33902,102
29030,102
7166,102
21674,102
58488,102
44920,102
83114,102
92302,102
61288,102
65941,102
29323,103
51945,103
50760,103
5688,103
72600,103
68736,103
69235,103
56764,103
85832,103
70197,103
11045,103
34998,103
477,103
4423,103
82829,103
65620,103
20235,103
90153,103
26877,103
33661,103
77503,103
85189,103
12624,103
12097,103
79158,103
6726,103
33681,103
92044,103
35479,103
20282,103
56863,103
23812,103
71333,103
33314,103
97206,103
22031,103
14043,103
19379,103
99070,103
51671,103
61885,103
55921,103
25494,103
60378,103
24381,103
53325,103
59791,104
1997,104
47224,104
76408,104
19582,104
13641,104
80820,104
68786,104
53487,104
77142,104
56847,104
76943,104
64644,104
32004,104
73107,104
21580,104
75784,104
85249,104
93524,104
73304,104
16156,104
77412,104
43413,104
52104,104
91103,104
30293,104
2826,104
72267,104
66048,104
78025,104
43183,104
70017,104
10053,104
6381,104
90656,104
90922,104
20151,104
65469,104
79268,104
13373,104
63831,104
40141,104
24465,104
25968,104
69220,104
58310,104
53719,104
53364,104
63153,104
92965,104
63369,104
37022,104
13869,104
77841,104
99942,104
91412,104
4933,104
1894,104
62483,104
57454,104
83264,104
29990,104
82122,104
9891,105
15639,105
35575,105
88980,105
74537,105
96129,105
9157,105
46867,105
96912,105
14335,105
7904,105
78406,105
40095,105
29231,105
32677,105
56598,105
20546,105
4030,105
63456,105
37118,105
56609,105
15214,105
36348,105
89592,105
89861,105
64860,105
3514,105
20963,105
88672,105
27162,105
36908,105
58581,105
47974,105
2531,105
12846,105
32596,105
36213,105
76351,105
32354,105
45201,105
3432,105
54076,105
76149,105
83283,105
89019,105
40256,105
96173,105
97101,105
21770,105
33369,105
75192,105
77360,105
42930,105
62630,105
58682,106
553,106
443,106
95211,106
87227,106
93478,106
74375,106
51187,106
68829,106
73520,106
29204,106
51148,106
37861,106
91115,106
79088,106
9622,106
38981,106
53293,106
6208,106
54187,106
23616,106
12090,106
36205,106
53791,106
36296,106
60718,106
31131,106
5809,106
29456,106
19677,106
68056,106
99568,106
46707,106
73479,106
72972,106
25216,106
7092,106
8392,107
69937,107
40421,107
17328,107
988,107
93386,107
5679,107
22169,107
47574,107
40590,107
16077,107
8572,107
19492,107
40214,107
39832,107
47878,107
55064,107
42926,107
20760,107
88508,107
67367,107
32079,107
11726,107
26462,107
32798,107
56611,107
47827,107
63220,107
64887,107
20194,107
47187,107
16061,107
2133,107
30051,107
3134,107
22977,107
46864,107
40188,107
69055,107
24168,107
36149,107
72216,107
98666,107
86771,108
46730,108
1998,108
13024,108
85371,108
28752,108
52705,108
95704,108
10316,108
5437,108
78388,108
49987,108
26787,108
10160,108
1267,108
51275,108
49695,108
87111,108
66387,108
6717,108
72271,108
18430,108
63470,108
35812,108
83620,108
94797,108
61252,108
39383,108
75451,108
49,108
78431,108
64260,108
30513,108
85351,108
14119,108
56920,108
18565,108
20232,108
99310,108
32859,108
34704,108
89476,108
78122,108
58278,108
26218,108
34567,108
68428,108
92285,109
80992,109
31484,109
14300,109
38092,109
54218,109
51135,109
79637,109
14400,109
5401,109
14387,109
25326,109
33051,109
70948,109
16988,109
73713,109
56313,109
7320,109
55689,109
88501,109
6395,109
90347,109
29364,109
60554,109
6374,109
14389,109
54221,109
70361,109
55771,109
17811,109
3956,109
60519,109
68282,109
21062,109
73752,109
88155,109
25242,109
41644,109
23428,109
45887,109
81057,109
42995,109
57050,109
27231,110
13374,110
79667,110
76409,110
76206,110
24561,110
70292,110
95330,110
30924,110
8321,110
47571,110
61835,110
86018,110
38802,110
36233,110
40623,110
23745,110
54247,110
29270,110
51255,110
38538,110
47979,110
78932,110
97244,110
16080,110
36515,110
2888,110
29308,110
12806,110
14154,110
56630,110
48370,110
51795,110
59508,110
53946,110
69244,110
9789,110
24112,110
76158,110
47917,110
22885,110
96676,110
31120,110
59864,111
98505,111
99432,111
27287,111
51931,111
88106,111
90065,111
76720,111
87187,111
17675,111
29383,111
43845,111
90737,111
55123,111
75010,111
35589,111
68504,111
91911,111
61929,111
97117,111
20880,111
20085,111
55941,111
64987,111
11707,111
58599,111
53312,111
89865,111
37749,111
21010,111
80023,111
38706,111
37912,111
9241,111
58722,111
32914,111
72585,111
16309,111
65401,111
83396,111
15706,111
73915,111
35263,111
64981,111
25634,111
52446,111
72934,111
12022,112
86808,112
12796,112
87862,112
36345,112
25792,112
71946,112
37117,112
62766,112
27257,112
77661,112
75488,112
27921,112
33591,112
55081,112
40986,112
49586,112
28294,112
4241,112
9968,112
85361,112
15926,112
61999,112
65023,112
92736,112
55218,112
81096,112
81908,112
63072,112
32311,112
81381,112
858,112
36004,112
16908,112
39572,112
